pulled_at,game,spread_home,total,ml_away,ml_home
09-28 13:02,PHI@CHI,3.5,41.5,-185,+154
09-28 13:02,ATL@GB,,,,
09-28 13:02,LAC@BUF,,,,
09-28 13:02,CAR@CLE,,,,
09-28 13:02,NYJ@DET,,,,
09-28 13:02,HOU@IND,,,,
09-28 13:02,KC@MIA,,,,
09-28 13:02,TEN@NYG,,,,
09-28 13:02,CIN@PIT,,,,
09-28 13:02,SEA@WAS,,,,
09-28 13:02,NE@JAX,,,,
09-28 13:02,ARI@SF,,,,
09-28 13:02,MIN@TB,,,,
09-28 13:02,BAL@DAL,,,,
09-28 13:02,LV@NO,,,,
09-28 13:02,LA@DEN,,,,
09-28 13:03,PHI@CHI,3.5,41.5,-185,+154
09-28 13:03,ATL@GB,,,,
09-28 13:03,LAC@BUF,,,,
09-28 13:03,CAR@CLE,,,,
09-28 13:03,NYJ@DET,,,,
09-28 13:03,HOU@IND,,,,
09-28 13:03,KC@MIA,,,,
09-28 13:03,TEN@NYG,,,,
09-28 13:03,CIN@PIT,,,,
09-28 13:03,SEA@WAS,,,,
09-28 13:03,NE@JAX,,,,
09-28 13:03,ARI@SF,,,,
09-28 13:03,MIN@TB,,,,
09-28 13:03,BAL@DAL,,,,
09-28 13:03,LV@NO,,,,
09-28 13:03,LA@DEN,,,,
