id,season,week,game,market,side,line,odds,model_value,edge,grade,p_win,status,placed_at,result,score,units,note
2026_04_PIT_CLE:spread,2026,4,PIT@CLE,spread,CLE +3,3.0,-110,-0.7,2.3,참고,56.9,suggested,,,,,
2026_04_PIT_CLE:total,2026,4,PIT@CLE,total,Under 38.5,38.5,-110,34.7,-3.8,참고,64.2,suggested,,,,,
2026_04_IND_WAS:spread,2026,4,IND@WAS,spread,IND -3.5,3.5,-110,-9.3,-5.8,후보,67.2,suggested,,,,,
2026_04_IND_WAS:total,2026,4,IND@WAS,total,Over 47.5,47.5,-110,51.9,4.4,참고,66.2,suggested,,,,,
2026_04_NE_BUF:spread,2026,4,NE@BUF,spread,NE +7,-7.0,-110,2.9,-4.1,후보,62.3,suggested,,,,,
2026_04_NE_BUF:total,2026,4,NE@BUF,total,Over 48.5,48.5,-110,55.4,6.9,후보,74.5,suggested,,,,,
2026_04_NYJ_CHI:spread,2026,4,NYJ@CHI,spread,CHI -3,-3.0,-110,8.6,5.6,참고(※ 얇음),66.7,suggested,,,,,
2026_04_NYJ_CHI:total,2026,4,NYJ@CHI,total,Over 42.5,42.5,-110,48.3,5.8,참고(※ 얇음),70.9,suggested,,,,,
2026_04_JAX_CIN:spread,2026,4,JAX@CIN,spread,JAX +3,-3.0,-110,-9.5,-12.5,후보,83.1,suggested,,,,,
2026_04_JAX_CIN:total,2026,4,JAX@CIN,total,Under 51.5,51.5,-110,48.3,-3.2,참고,61.9,suggested,,,,,
2026_04_ARI_NYG:spread,2026,4,ARI@NYG,spread,NYG +1.5,1.5,-110,1.8,3.3,참고,60.0,suggested,,,,,
2026_04_ARI_NYG:total,2026,4,ARI@NYG,total,Over 44.5,44.5,-110,55.1,10.6,후보,84.4,suggested,,,,,
2026_04_GB_TB:spread,2026,4,GB@TB,spread,TB +3.5,3.5,-110,-0.8,2.7,참고,58.2,suggested,,,,,
2026_04_GB_TB:total,2026,4,GB@TB,total,Over 39.5,39.5,-110,47.2,7.7,후보,76.9,suggested,,,,,
2026_04_TEN_BAL:spread,2026,4,TEN@BAL,spread,BAL -11.5,-11.5,-110,13.9,2.4,참고,57.4,suggested,,,,,
2026_04_TEN_BAL:total,2026,4,TEN@BAL,total,Over 43.5,43.5,-110,48.4,4.9,참고,67.8,suggested,,,,,
2026_04_DAL_HOU:spread,2026,4,DAL@HOU,spread,HOU -2.5,-2.5,-110,7.0,4.5,후보,63.5,suggested,,,,,
2026_04_DAL_HOU:total,2026,4,DAL@HOU,total,Over 47.5,47.5,-110,53.4,5.9,후보,71.2,suggested,,,,,
2026_04_KC_LV:spread,2026,4,KC@LV,spread,KC -4.5,4.5,-110,-9.9,-5.4,후보,66.0,suggested,,,,,
2026_04_KC_LV:total,2026,4,KC@LV,total,Under 47.5,47.5,-110,39.2,-8.3,후보,78.6,suggested,,,,,
2026_04_DEN_SF:total,2026,4,DEN@SF,total,Over 46.5,46.5,-110,54.9,8.4,후보,78.8,suggested,,,,,
2026_04_LAC_SEA:total,2026,4,LAC@SEA,total,Under 43.5,43.5,-110,31.5,-12.0,후보,87.3,suggested,,,,,
2026_04_DET_CAR:total,2026,4,DET@CAR,total,Over 50.5,50.5,-110,53.9,3.4,참고,62.6,suggested,,,,,
2026_04_ATL_NO:total,2026,4,ATL@NO,total,Under 48.5,48.5,-110,39.3,-9.2,후보,81.0,suggested,,,,,
