team,off,off_pass,off_rush,def,def_pass,def_rush,off_plays_2026,def_plays_2026,gp,pf_pg,pa_pg,net_pts_per_game
ARI,-0.0195,-0.0087,-0.0374,0.0646,0.1345,-0.0198,259,230,4,21.8,29.2,-5.2
ATL,-0.0078,-0.0247,0.0013,-0.0143,-0.0129,-0.0006,243,252,4,24.0,23.0,0.4
BAL,0.0599,0.0214,0.0646,0.0099,0.0469,-0.0393,232,248,4,29.0,24.0,3.1
BUF,0.1145,0.1224,0.0885,0.0193,-0.0394,0.0621,235,271,4,31.8,26.8,5.9
CAR,0.0095,0.0102,-0.0227,0.0417,0.0667,0.0165,265,267,4,30.2,27.2,-2.0
CHI,0.067,0.0752,0.0494,-0.0046,-0.0008,0.005,292,192,4,28.0,16.2,4.4
CIN,0.0103,0.0071,0.0085,0.0676,0.1013,0.0471,247,236,4,24.2,21.2,-3.6
CLE,-0.1048,-0.157,-0.0481,-0.0482,-0.0762,-0.0307,224,255,4,20.2,23.8,-3.5
DAL,0.0825,0.1278,0.0018,0.1377,0.1912,0.0572,307,303,5,27.6,27.2,-3.4
DEN,0.0262,0.0494,-0.0006,-0.0303,-0.0651,-0.0105,229,261,4,18.5,23.5,3.5
DET,0.0813,0.1442,-0.0315,0.0465,0.0472,-0.0023,265,285,4,29.8,31.8,2.2
GB,0.0437,0.1398,-0.036,0.0294,0.0571,-0.009,232,256,4,18.2,26.2,0.9
HOU,-0.0113,0.0283,-0.0622,-0.0605,-0.0909,-0.0392,250,254,4,21.0,27.2,3.1
IND,0.022,0.0002,0.0728,0.0125,0.0308,-0.0264,251,250,4,25.5,26.0,0.6
JAX,0.0562,0.0712,0.0064,-0.0693,-0.089,-0.033,220,236,4,26.0,13.2,7.8
KC,0.0593,0.0527,0.034,-0.0204,0.0003,-0.039,249,252,4,29.5,19.2,4.9
LA,0.0837,0.1397,0.0174,-0.0645,-0.0698,-0.0357,268,239,4,21.2,20.8,9.2
LAC,-0.0489,-0.0565,-0.0058,-0.0481,-0.0536,-0.0494,245,244,4,16.8,26.5,-0.0
LV,-0.1089,-0.0805,-0.1856,-0.008,0.0306,-0.0308,260,242,4,28.8,21.0,-6.3
MIA,-0.0392,-0.0308,-0.0244,0.0691,0.1154,0.0113,210,229,4,11.5,25.2,-6.7
MIN,-0.0854,-0.1272,-0.0218,-0.0966,-0.1226,-0.0464,234,237,4,21.5,12.8,0.7
NE,0.075,0.1596,0.006,-0.0246,-0.0403,-0.0132,250,228,4,16.2,19.2,6.2
NO,-0.0487,-0.0417,-0.0704,0.0073,0.0007,-0.029,291,245,4,26.2,32.0,-3.5
NYG,-0.008,-0.0047,0.0049,0.0452,0.0147,0.104,240,228,4,20.5,19.8,-3.3
NYJ,-0.0663,-0.088,-0.0559,0.0804,0.1648,0.01,226,247,4,19.0,21.0,-9.1
PHI,-0.0145,0.0028,-0.0051,-0.0232,-0.0601,-0.0073,228,262,4,18.8,23.2,0.5
PIT,-0.0065,-0.0039,0.0115,0.0141,0.0256,-0.0024,250,224,4,19.2,21.8,-1.3
SEA,0.0198,0.0878,-0.048,-0.0936,-0.0773,-0.1061,234,245,4,26.2,18.2,7.0
SF,0.1119,0.1642,0.0022,0.0449,0.0785,0.0018,222,257,4,30.5,16.0,4.2
TB,-0.0249,-0.0453,0.0149,-0.0092,0.0371,-0.0623,301,278,5,20.0,22.4,-1.0
TEN,-0.1069,-0.1511,-0.0394,0.0691,0.1283,0.0006,216,248,4,13.8,20.8,-10.9
WAS,-0.0113,-0.006,-0.0025,0.082,0.1239,0.047,259,233,4,22.0,30.5,-5.8
