espn_id,game,spread_home,sp_home_odds,sp_away_odds,total,over_odds,under_odds,ml_away,ml_home,open_spread_home,open_total,open_ml_away,open_ml_home
401872656,NE@SEA,-3,-120,+100,44.5,-108,-112,+142,-170,-3.5,44.5,+160,-192
401872657,SF@LA,-3.5,-115,-105,47.5,-115,-105,+180,-218,-2.5,48.5,+130,-155
401872925,TB@CIN,-3.5,-112,-108,50.5,-110,-110,+164,-198,-3.5,50.5,+164,-198
401872923,NO@DET,-7,-110,-110,49.5,-115,-105,+270,-340,-7,48.5,+260,-325
401872924,NYJ@TEN,-1.5,-105,-115,39.5,-110,-110,-102,-118,-3,39.5,+142,-170
401872659,BAL@IND,+3,-110,-110,48.5,-105,-115,-162,+136,+3.5,49.5,-185,+154
401872658,ATL@PIT,-6.5,-112,-108,40.5,-112,-108,+240,-298,-3,42.5,+145,-175
401872661,CHI@CAR,+3,-108,-112,47.5,-105,-115,-166,+140,+2.5,44.5,-135,+114
401872922,CLE@JAX,-8.5,-115,-105,40.5,-102,-118,+360,-470,-7,40.5,+230,-285
401872660,BUF@HOU,+1.5,-115,-105,44.5,-110,-110,-110,-110,+1.5,45.5,-112,-108
401872928,MIA@LV,-3,-110,-110,40.5,-110,-110,+142,-170,-3,41.5,+150,-180
401872927,GB@MIN,-2.5,-110,-110,46.5,-102,-118,+120,-142,+1.5,44.5,-125,+105
401872929,WAS@PHI,-6,-110,-110,43.5,-115,-105,+195,-238,-5.5,46.5,+195,-238
401872926,ARI@LAC,-8.5,-120,+100,47.5,-102,-118,+370,-485,-11.5,45.5,+470,-625
401872930,DAL@NYG,+3,-108,-112,47.5,-115,-105,-166,+140,+2.5,48.5,-130,+110
401872931,DEN@KC,-2.5,-108,-112,42.5,-110,-110,+110,-130,-2.5,42.5,+130,-155
