game_id,week,game,kickoff_utc,made_at,src,pick,p_pick,score_away,score_home,line_home,total_line,result,margin_err,total_err,spread_hit,total_hit,final
2026_01_NE_SEA,1,NE@SEA,,소급(마감),시장,SEA,0.600,20.8,23.8,-3,44.5,W,0.0,21.6,,,NE 10-13 SEA
2026_01_SF_LA,1,SF@LA,,소급(마감),시장,LA,0.657,22.0,25.5,-3.5,47.5,L,23.5,13.5,,,SF 27-7 LA
2026_01_CHI_CAR,1,CHI@CAR,,소급(마감),시장,CHI,0.600,25.2,22.2,3,47.5,W,19.0,48.6,,,CHI 59-37 CAR
2026_01_TB_CIN,1,TB@CIN,,소급(마감),시장,CIN,0.645,23.5,27.0,-3.5,50.5,W,2.5,9.5,,,TB 27-33 CIN
2026_01_NO_DET,1,NO@DET,,소급(마감),시장,DET,0.734,21.2,28.2,-7,49.5,W,6.0,11.6,,,NO 30-31 DET
2026_01_BUF_HOU,1,BUF@HOU,,소급(마감),시장,BUF,0.504,23.0,21.5,1.5,44.5,W,3.5,22.5,,,BUF 36-31 HOU
2026_01_BAL_IND,1,BAL@IND,,소급(마감),시장,BAL,0.593,25.8,22.8,3,48.5,W,15.0,15.4,,,BAL 41-23 IND
2026_01_CLE_JAX,1,CLE@JAX,,소급(마감),시장,JAX,0.791,16.0,24.5,-8.5,40.5,W,15.5,3.5,,,CLE 10-34 JAX
2026_01_ATL_PIT,1,ATL@PIT,,소급(마감),시장,PIT,0.718,17.0,23.5,-6.5,40.5,W,0.5,7.5,,,ATL 13-20 PIT
2026_01_NYJ_TEN,1,NYJ@TEN,,소급(마감),시장,TEN,0.517,19.0,20.5,-1.5,39.5,L,14.5,6.5,,,NYJ 23-10 TEN
2026_01_ARI_LAC,1,ARI@LAC,,소급(마감),시장,LAC,0.787,19.5,28.0,-8.5,47.5,L,20.5,7.5,,,ARI 26-14 LAC
2026_01_MIA_LV,1,MIA@LV,,소급(마감),시장,LV,0.604,18.8,21.8,-3,40.5,W,11.0,0.6,,,MIA 13-27 LV
2026_01_GB_MIN,1,GB@MIN,,소급(마감),시장,MIN,0.532,22.5,24.0,-1.5,46.5,W,15.5,14.5,,,GB 22-39 MIN
2026_01_WAS_PHI,1,WAS@PHI,,소급(마감),시장,PHI,0.681,18.8,24.8,-6,43.5,W,4.0,2.4,,,WAS 22-24 PHI
2026_01_DAL_NYG,1,DAL@NYG,,소급(마감),시장,DAL,0.600,25.2,22.2,3,47.5,L,11.0,0.6,,,DAL 20-28 NYG
2026_01_DEN_KC,1,DEN@KC,,소급(마감),시장,KC,0.543,20.0,22.5,-2.5,42.5,W,18.5,1.5,,,DEN 10-31 KC
