game,kickoff_utc,roof,forecast_wind_mph,source
NE@SEA,2026-09-10T00:20Z,outdoors,5.3,open-meteo historical-forecast (킥오프 정시 시간값)
TB@CIN,2026-09-13T17:00Z,outdoors,4.5,open-meteo historical-forecast (킥오프 정시 시간값)
NYJ@TEN,2026-09-13T17:00Z,outdoors,2.7,open-meteo historical-forecast (킥오프 정시 시간값)
ATL@PIT,2026-09-13T17:00Z,outdoors,6.6,open-meteo historical-forecast (킥오프 정시 시간값)
CHI@CAR,2026-09-13T17:00Z,outdoors,2.7,open-meteo historical-forecast (킥오프 정시 시간값)
CLE@JAX,2026-09-13T17:00Z,outdoors,5.9,open-meteo historical-forecast (킥오프 정시 시간값)
WAS@PHI,2026-09-13T20:25Z,outdoors,3.6,open-meteo historical-forecast (킥오프 정시 시간값)
DAL@NYG,2026-09-14T00:20Z,outdoors,0.7,open-meteo historical-forecast (킥오프 정시 시간값)
DEN@KC,2026-09-15T00:15Z,outdoors,11.6,open-meteo historical-forecast (킥오프 정시 시간값)
