espn_id,game_id,kickoff_utc,kickoff_et,kickoff_pt,away,home,away_rec,home_rec,venue,roof,neutral,weather,temp_f,spread_home,total,ml_away,ml_home,odds_provider,nv_spread_line,nv_total_line,away_rest,home_rest,away_qb,home_qb,div_game,status,away_score,home_score,sp_home_odds,sp_away_odds,over_odds,under_odds,open_spread_home,open_sp_home_odds,open_sp_away_odds,open_total,open_over_odds,open_under_odds,open_ml_away,open_ml_home
401872980,2026_05_TB_DAL,2026-10-09T00:15Z,Thu 10-08 20:15,17:15,TB,DAL,1-4,2-3,AT&T Stadium,indoor,,,,,,,,,9.5,49.5,4,4,Jalon Daniels,Dak Prescott,0,STATUS_FINAL,24,16,,,,,,,,,,,,
401872981,2026_05_PHI_JAX,2026-10-11T13:30Z,Sun 10-11 09:30,06:30,PHI,JAX,2-2,3-1,Tottenham Hotspur Stadium,outdoors,1,,,-7.5,41.5,+320,-410,Draft Kings,7.5,41.5,7,7,Jalen Hurts,Trevor Lawrence,0,STATUS_SCHEDULED,0,0,-108,-112,-112,-108,+2.5,-115,-105,44.5,-102,-118,-130,+110
401872990,2026_05_CHI_GB,2026-10-11T17:00Z,Sun 10-11 13:00,10:00,CHI,GB,3-1,2-2,Lambeau Field,outdoors,,Partly sunny,72,1.5,45.5,-125,+105,Draft Kings,-1.5,45.5,7,7,Tyson Bagent,Jordan Love,1,STATUS_SCHEDULED,0,0,-105,-115,-118,-102,-3,-110,-110,49.5,-110,-110,+140,-166
401872984,2026_05_HOU_TEN,2026-10-11T17:00Z,Sun 10-11 13:00,10:00,HOU,TEN,0-4,0-4,Nissan Stadium,outdoors,,Rain,66,7.0,38.5,-375,+295,Draft Kings,-7,38.5,7,7,C.J. Stroud,Cam Ward,1,STATUS_SCHEDULED,0,0,-105,-115,-105,-115,+3.5,-110,-110,43.5,-110,-110,-192,+160
401872982,2026_05_CIN_MIA,2026-10-11T17:00Z,Sun 10-11 13:00,10:00,CIN,MIA,2-2,0-4,Hard Rock Stadium,outdoors,,Partly sunny,91,7.0,43.5,-355,+280,Draft Kings,-7,43.5,7,7,Joe Burrow,Malik Willis,0,STATUS_SCHEDULED,0,0,-112,-108,-112,-108,+5.5,-110,-110,48.5,-110,-110,-250,+205
401872986,2026_05_LV_NE,2026-10-11T17:00Z,Sun 10-11 13:00,10:00,LV,NE,3-1,2-2,Gillette Stadium,outdoors,,Hazy sunshine,62,-3.5,45.5,+164,-198,Draft Kings,3.5,45.5,7,7,Kirk Cousins,Drake Maye,0,STATUS_SCHEDULED,0,0,-110,-110,-105,-115,-8.5,-110,-110,44.5,-110,-110,+330,-425
401872987,2026_05_MIN_NO,2026-10-11T17:00Z,Sun 10-11 13:00,10:00,MIN,NO,4-0,1-3,Caesars Superdome,indoor,,Mostly sunny,82,2.5,41.5,-142,+120,Draft Kings,-2.5,41.5,7,6,Kyler Murray,Tyler Shough,0,STATUS_SCHEDULED,0,0,-110,-110,-112,-108,+1.5,-115,-105,44.5,-110,-110,-120,+100
401872983,2026_05_CLE_NYJ,2026-10-11T17:00Z,Sun 10-11 13:00,10:00,CLE,NYJ,3-1,1-3,MetLife Stadium,outdoors,,Rain,61,-2.5,39.5,+114,-135,Draft Kings,2.5,39.5,10,7,Deshaun Watson,Geno Smith,0,STATUS_SCHEDULED,0,0,-110,-110,-112,-108,-1.5,-110,-110,38.5,-110,-110,+105,-125
401872985,2026_05_IND_PIT,2026-10-11T17:00Z,Sun 10-11 13:00,10:00,IND,PIT,2-2,2-2,Acrisure Stadium,outdoors,,Cloudy,64,-3.0,43.5,+124,-148,Draft Kings,3,43.5,7,10,Daniel Jones,Aaron Rodgers,0,STATUS_SCHEDULED,0,0,-102,-118,-108,-112,-2.5,-110,-110,47.5,-110,-110,+114,-135
401872988,2026_05_NYG_WAS,2026-10-11T17:00Z,Sun 10-11 13:00,10:00,NYG,WAS,3-1,1-3,Northwest Stadium,outdoors,,Cloudy,63,-3.5,41.5,+142,-170,Draft Kings,3.5,41.5,7,7,Jameis Winston,Jayden Daniels,1,STATUS_SCHEDULED,0,0,-110,-110,-115,-105,-2.5,-110,-110,48.5,-110,-110,+114,-135
401872989,2026_05_DEN_LAC,2026-10-11T20:05Z,Sun 10-11 16:05,13:05,DEN,LAC,2-2,0-4,SoFi Stadium,dome,,Mostly cloudy,71,3.5,41.5,-192,+160,Draft Kings,-3.5,41.5,7,7,Bo Nix,Justin Herbert,1,STATUS_SCHEDULED,0,0,-112,-108,-115,-105,-2.5,-115,-105,44.5,-110,-110,+120,-142
401872991,2026_05_DET_ARI,2026-10-11T20:25Z,Sun 10-11 16:25,13:25,DET,ARI,2-2,1-3,State Farm Stadium,indoor,,Mostly cloudy w/ t-storms,77,5.5,54.5,-250,+205,Draft Kings,-5.5,54.5,7,7,Jared Goff,Jacoby Brissett,0,STATUS_SCHEDULED,0,0,-110,-110,-115,-105,+8.5,-110,-110,49.5,-110,-110,-395,+310
401872992,2026_05_SF_SEA,2026-10-11T20:25Z,Sun 10-11 16:25,13:25,SF,SEA,4-0,3-1,Lumen Field,outdoors,,Mostly sunny,58,-3.0,45.5,+136,-162,Draft Kings,3,45.5,7,7,Brock Purdy,Drew Lock,1,STATUS_SCHEDULED,0,0,-110,-110,-115,-105,-3.5,-110,-110,46.5,-110,-110,+164,-198
401872993,2026_05_BAL_ATL,2026-10-12T00:20Z,Sun 10-11 20:20,17:20,BAL,ATL,3-1,2-2,Mercedes-Benz Stadium,indoor,,Mostly clear,63,-3.5,43.5,+150,-180,Draft Kings,3.5,43.5,7,6,Tyler Huntley,Michael Penix Jr.,0,STATUS_SCHEDULED,0,0,-102,-118,-115,-105,+4.5,-110,-110,48.5,-110,-110,-218,+180
401872994,2026_05_BUF_LA,2026-10-13T00:15Z,Mon 10-12 20:15,17:15,BUF,LA,3-1,2-2,SoFi Stadium,dome,,Mostly cloudy w/ showers,67,-3.0,54.5,+145,-175,Draft Kings,3,54.5,8,8,Josh Allen,Matthew Stafford,0,STATUS_SCHEDULED,0,0,-120,+100,-118,-102,-3,-110,-110,53.5,-110,-110,+130,-155
