game_id,away,home,model_margin_home,p_home_win,model_total,mkt_spread_home,mkt_total,edge_spread,spread_side,spread_grade,p_cover,edge_total,total_side,total_grade,p_total,qb_adj_away,qb_adj_home,thin,thin_teams
2026_05_TB_DAL,TB,DAL,3.6,60.8,53.1,-9.5,49.5,-5.9,TB +9.5,관찰(큰 괴리 — 페이퍼),67.6,3.6,Over 49.5,참고,63.5,-4.5,0.0,,
2026_05_PHI_JAX,PHI,JAX,7.2,71.1,42.9,-7.5,41.5,-0.3,PHI +7.5,시장 동조,50.8,1.4,Over 41.5,시장 동조,55.5,0.0,0.0,,
2026_05_CHI_GB,CHI,GB,2.4,57.5,50.0,1.5,45.5,3.9,GB +1.5,관찰(큰 괴리 — 페이퍼),61.9,4.5,Over 45.5,참고,66.6,-4.5,0.0,,
2026_05_HOU_TEN,HOU,TEN,-12.5,16.9,39.3,7.0,38.5,-5.5,HOU -7,관찰(큰 괴리 — 페이퍼),66.3,0.8,Over 38.5,시장 동조,53.0,0.0,0.0,,
2026_05_CIN_MIA,CIN,MIA,-1.7,44.9,52.8,7.0,43.5,5.3,MIA +7,관찰(큰 괴리 — 페이퍼),65.9,9.3,Over 43.5,관찰(큰 괴리 — 페이퍼),81.2,0.0,0.0,,
2026_05_LV_NE,LV,NE,13.9,85.8,42.0,-3.5,45.5,10.4,NE -3.5,관찰(큰 괴리 — 페이퍼),78.9,-3.5,Under 45.5,참고,63.2,0.0,0.0,,
2026_05_MIN_NO,MIN,NO,-2.7,41.9,32.2,2.5,41.5,-0.2,MIN -2.5,시장 동조,50.5,-9.3,Under 41.5,관찰(큰 괴리 — 페이퍼),81.1,0.0,0.0,,
2026_05_CLE_NYJ,CLE,NYJ,0.4,51.3,33.0,-2.5,39.5,-2.1,CLE +2.5,참고,56.4,-6.5,Under 39.5,관찰(큰 괴리 — 페이퍼),73.3,-4.5,0.0,,
2026_05_IND_PIT,IND,PIT,-0.4,48.9,48.7,-3.0,43.5,-3.4,IND +3,참고,60.2,5.2,Over 43.5,관찰(큰 괴리 — 페이퍼),69.0,0.0,0.0,,
2026_05_NYG_WAS,NYG,WAS,-5.5,33.7,48.3,-3.5,41.5,-9.0,NYG +3.5,관찰(큰 괴리 — 페이퍼),75.5,6.8,Over 41.5,관찰(큰 괴리 — 페이퍼),74.1,0.0,-4.5,,
2026_05_DEN_LAC,DEN,LAC,-6.6,30.7,35.3,3.5,41.5,-3.1,DEN -3.5,참고,59.3,-6.2,Under 41.5,관찰(큰 괴리 — 페이퍼),72.2,0.0,-4.5,,
2026_05_DET_ARI,DET,ARI,-5.9,32.6,56.8,5.5,54.5,-0.4,DET -5.5,시장 동조,51.1,2.3,Over 54.5,시장 동조,58.7,0.0,0.0,,
2026_05_SF_SEA,SF,SEA,-0.1,49.6,46.7,-3.0,45.5,-3.1,SF +3,참고,59.5,1.2,Over 45.5,시장 동조,54.7,0.0,-4.5,,
2026_05_BAL_ATL,BAL,ATL,3.3,60.0,44.6,-3.5,43.5,-0.2,BAL +3.5,시장 동조,50.6,1.1,Over 43.5,시장 동조,54.0,-4.5,0.0,,
2026_05_BUF_LA,BUF,LA,4.8,64.4,55.6,-3.0,54.5,1.8,LA -3,시장 동조,55.5,1.1,Over 54.5,시장 동조,54.1,0.0,0.0,,
