espn_id,away,home,status,away_score,home_score
401872979,ATL,NO,STATUS_SCHEDULED,0,0
401872964,PIT,CLE,STATUS_FINAL,24,27
401872965,IND,WAS,STATUS_FINAL,30,13
401872971,NE,BUF,STATUS_FINAL,29,26
401872972,NYJ,CHI,STATUS_FINAL,12,23
401872969,JAX,CIN,STATUS_FINAL,22,17
401872966,ARI,NYG,STATUS_FINAL,24,36
401872970,LA,PHI,STATUS_FINAL,24,20
401872968,GB,TB,STATUS_FINAL,17,14
401872973,TEN,BAL,STATUS_FINAL,18,24
401872967,DAL,HOU,STATUS_FINAL,34,30
401872974,MIA,MIN,STATUS_FINAL,10,15
401872976,KC,LV,STATUS_FINAL,30,27
401872975,DEN,SF,STATUS_FINAL,14,24
401872977,LAC,SEA,STATUS_FINAL,23,30
401872978,DET,CAR,STATUS_FINAL,26,32
